{
    "Очень часто": 0.55,
    "Часто": 0.055,
    "Нечасто": 0.0055,
    "Редко": 0.00055,
    "Очень редко": 0.000055,
    "Частота неизвестна": 0.000055
}